{
    "time": "2025-11-16 22:55:05",
    "ip": "103.86.56.46",
    "browser": "Chrome",
    "os": "Linux",
    "user_agent": "Mozilla\/5.0 (Linux; Android 10; K) AppleWebKit\/537.36 (KHTML, like Gecko) Chrome\/142.0.0.0 Mobile Safari\/537.36",
    "referer": "Direct",
    "page": "\/ip.php"
},
{
    "time": "2025-11-16 22:55:48",
    "ip": "103.86.56.46",
    "browser": "Chrome",
    "os": "Linux",
    "user_agent": "Mozilla\/5.0 (X11; Linux x86_64) AppleWebKit\/537.36 (KHTML, like Gecko) Chrome\/142.0.0.0 Safari\/537.36",
    "referer": "https:\/\/ghimirefamily.infinityfreeapp.com\/ip.php",
    "page": "\/ip.php?i=1"
},
{
    "time": "2025-11-16 22:58:01",
    "ip": "103.86.56.46",
    "browser": "Chrome",
    "os": "Linux",
    "user_agent": "Mozilla\/5.0 (X11; Linux x86_64) AppleWebKit\/537.36 (KHTML, like Gecko) Chrome\/142.0.0.0 Safari\/537.36",
    "referer": "https:\/\/ghimirefamily.infinityfreeapp.com\/ip.php?action=admin",
    "page": "\/ip.php?action=home"
}